prob_pred,prob_true
0.07797794422278038,0.15384615384615385
0.15768699472149217,0.15384615384615385
0.26095909539889883,0.21739130434782608
0.3510546883756034,0.3069164265129683
0.4566131096850573,0.39888164026095063
0.5419735189419475,0.5627009646302251
0.6473310804646099,0.7230169050715215
0.7422214632494407,0.8245614035087719
0.8375761333086805,0.8439716312056738
0.9250931704485856,0.9259259259259259
