prob_pred,prob_true
0.06271023612829695,0.08571428571428572
0.15759636372242902,0.16042780748663102
0.25689164738308173,0.22707423580786026
0.35220750198885326,0.32663316582914576
0.45086700383267797,0.4259763851044505
0.54413555553222,0.5457205559619605
0.6496216490171667,0.7233560090702947
0.7485080813858569,0.8248974008207934
0.8351059516874628,0.8910505836575876
0.9311373508230687,0.9577464788732394
