prob_pred,prob_true
0.058792140021389994,0.09090909090909091
0.15738403453577435,0.11570247933884298
0.2600888631899597,0.23595505617977527
0.3530858742062942,0.33881578947368424
0.45735630422596774,0.4082145850796312
0.547890987968287,0.5793991416309013
0.647816685857804,0.6836879432624113
0.7464296839672961,0.8146167557932263
0.8293242435904861,0.8818181818181818
0.9167062467023822,0.9523809523809523
